{
  "AWSEBDockerrunVersion": 2,
  "volumes": [
    {
      "name": "dd_logs",
      "host": {
         "sourcePath": "/data/logs/datadog"
      }
    },
    {
       "name": "docker_sock",
       "host": {
          "sourcePath": "/var/run/docker.sock"
      }
    },
    {
      "name": "docker_proc",
      "host": {
         "sourcePath": "/proc/"
       }  
    },
    {
      "name": "docker_cgroup",
      "host": {
         "sourcePath": "/cgroup/"
       }  
    },
    {
      "name": "dd_agent_run",
      "host": {
         "sourcePath": "/opt/datadog-agent/run"
       }  
    },
    {
      "name": "dd_checks_d",
      "host": {
         "sourcePath": "/var/app/current/datadog/checks.d"
      }
    },
    {
      "name": "dd_conf_d",
      "host": {
         "sourcePath": "/var/app/current/datadog/conf.d"
      }
    },
    {
      "name": "dd_parsers",
      "host": {
         "sourcePath": "/var/app/current/datadog/dd-parsers"
      }  
    },
    {
      "name": "php-app",
      "host": {
         "sourcePath": "/var/app/current/php-app"
      }
    },
    {
      "name": "nginx-proxy-conf",
      "host": {
         "sourcePath": "/var/app/current/proxy/conf.d"
      }
    },
    {
      "name": "nginx_log",
      "host": {
         "sourcePath": "/data/logs/nginx"
      }
    }
  ],
  "containerDefinitions": [
    {
      "name": "php-app",
      "image": "php:fpm",
      "essential": true,
      "memory": 128,
      "links": [],
      "portMappings": [],
      "mountPoints": [
        {
          "sourceVolume": "php-app",
          "containerPath": "/var/www/html",
          "readOnly": true
        }
      ]
    },
    {
      "name": "nginx-proxy",
      "image": "nginx",
      "essential": true,
      "memory": 128,
      "portMappings": [
        {
          "hostPort": 80,
          "containerPort": 80
        }
      ],
      "links": [
        "php-app"
      ],
      "mountPoints": [
        {
          "sourceVolume": "php-app",
          "containerPath": "/var/www/html",
          "readOnly": true
        },
        {
          "sourceVolume": "nginx-proxy-conf",
          "containerPath": "/etc/nginx/conf.d",
          "readOnly": true
        },
        {
          "sourceVolume": "nginx_log",
          "containerPath": "/var/log/nginx"
        }
      ]
    },
    {
      "name": "datadog-agent",
      "image": "datadog/docker-dd-agent:latest",
      "essential": true,
      "memory": 256,
      "cpu": 1,
      "environment" : [
        {
          "name": "API_KEY",
          "value": "677bb36e5de8be2b16755844703315ab"
        },
        {
          "name": "TAGS",
          "value": "datadog-agent"
        },
        {
          "name": "DD_APM_ENABLED",
          "value": true  
        },
        {
          "name": "DD_LOGS_ENABLED",
          "value": true  
        },
        {
          "name": "DD_LOGS_CONFIG_CONTAINER_COLLECT_ALL",
          "value": true
        },
        {
          "name": "DD_DOGSTATSD_NON_LOCAL_TRAFFIC",
          "value": true
        },
        {
          "name": "DD_AC_EXCLUDE",
          "value": "name:datadog-agent"
        },
        {
          "name": "DD_HISTOGRAM_AGGREGATES",
          "value": "max avg min count"
        },
        {
          "name": "DD_HISTOGRAM_PERCENTILES",
          "value": "0.99 0.95 0.90"
        },
        {
          "name": "USE_DOGSTATSD",
          "value": "yes"
        }
      ],
      "portMappings": [
        {
          "hostPort": 5000,
          "containerPort": 5000
        },
        {
          "hostPort": 8125,
          "containerPort": 8125
        },
        {
          "hostPort": 8126,
          "containerPort": 8126
        }
      ],
      "links": [
        "php-app",
        "nginx-proxy"
      ],
      "mountPoints": [
        {
        	"sourceVolume": "dd_logs",
          "containerPath": "/var/log/datadog"
        },
        {
          "sourceVolume": "docker_sock",
          "containerPath": "/var/run/docker.sock",
          "readOnly": false 
        },
        {
          "sourceVolume": "docker_proc",
          "containerPath": "/host/proc",
          "readOnly": true 
        },
        {
          "sourceVolume": "docker_cgroup",
          "containerPath": "/host/sys/fs/cgroup",
          "readOnly": true 
        },  
        {
          "sourceVolume": "dd_agent_run",
          "containerPath": "/opt/datadog-agent/run",
          "readOnly": false 
        },
        {
          "sourceVolume": "dd_checks_d",
          "containerPath": "/checks.d/",
          "readOnly": false 
        },
        {
          "sourceVolume": "dd_conf_d",
          "containerPath": "/conf.d/",
          "readOnly": false 
        }
      ]
    }
  ]
}
